{
  "project_info": {
    "project_number": "699052575635",
    "firebase_url": "https://tac-qr-code-reader.firebaseio.com",
    "project_id": "tac-qr-code-reader",
    "storage_bucket": "tac-qr-code-reader.appspot.com"
  },
  "client": [
    {
      "client_info": {
        "mobilesdk_app_id": "1:699052575635:android:7e8731fc692b837ad6b666",
        "android_client_info": {
          "package_name": "topcreator.qrcode.barcode.scanner.reader"
        }
      },
      "oauth_client": [
        {
          "client_id": "699052575635-m3ihubgd92pqcqgj7gs77960scfafpsq.apps.googleusercontent.com",
          "client_type": 3
        }
      ],
      "api_key": [
        {
          "current_key": "AIzaSyCwIqn2ej6iW8XddDgV5vOrc2CRA8U9ozA"
        }
      ],
      "services": {
        "appinvite_service": {
          "other_platform_oauth_client": [
            {
              "client_id": "699052575635-m3ihubgd92pqcqgj7gs77960scfafpsq.apps.googleusercontent.com",
              "client_type": 3
            }
          ]
        }
      }
    }
  ],
  "configuration_version": "1"
}